-- phpMyAdmin SQL Dump
-- version 5.2.1
-- https://www.phpmyadmin.net/
--
-- Host: localhost:3306
-- Generation Time: Sep 22, 2025 at 09:18 AM
-- Server version: 8.0.30
-- PHP Version: 8.1.10

SET SQL_MODE = "NO_AUTO_VALUE_ON_ZERO";
START TRANSACTION;
SET time_zone = "+00:00";


/*!40101 SET @OLD_CHARACTER_SET_CLIENT=@@CHARACTER_SET_CLIENT */;
/*!40101 SET @OLD_CHARACTER_SET_RESULTS=@@CHARACTER_SET_RESULTS */;
/*!40101 SET @OLD_COLLATION_CONNECTION=@@COLLATION_CONNECTION */;
/*!40101 SET NAMES utf8mb4 */;

--
-- Database: `save_name`
--

-- --------------------------------------------------------

--
-- Table structure for table `ram_activity_log`
--

CREATE TABLE `ram_activity_log` (
  `id` int UNSIGNED NOT NULL,
  `user_id` int UNSIGNED NOT NULL,
  `created_at` datetime NOT NULL
) ENGINE=InnoDB DEFAULT CHARSET=utf8mb4 COLLATE=utf8mb4_0900_ai_ci;

--
-- Dumping data for table `ram_activity_log`
--

INSERT INTO `ram_activity_log` (`id`, `user_id`, `created_at`) VALUES
(1, 1, '2025-09-17 20:24:56'),
(2, 1, '2025-09-17 20:25:04'),
(3, 1, '2025-09-17 20:25:05'),
(4, 1, '2025-09-17 20:25:06'),
(5, 1, '2025-09-17 20:25:07'),
(6, 1, '2025-09-17 20:25:07'),
(7, 1, '2025-09-17 20:25:08'),
(8, 1, '2025-09-17 20:25:09'),
(9, 1, '2025-09-17 20:25:09'),
(10, 1, '2025-09-17 20:25:10'),
(11, 1, '2025-09-17 20:25:11'),
(12, 1, '2025-09-17 20:25:11'),
(13, 1, '2025-09-17 20:25:13'),
(14, 1, '2025-09-17 20:25:14'),
(15, 1, '2025-09-17 20:25:14'),
(16, 1, '2025-09-18 20:24:47'),
(17, 1, '2025-09-18 20:24:49'),
(18, 1, '2025-09-18 20:24:50'),
(19, 1, '2025-09-18 20:24:51'),
(20, 1, '2025-09-18 20:25:04'),
(21, 1, '2025-09-18 20:25:06'),
(22, 1, '2025-09-18 20:25:13'),
(23, 1, '2025-09-18 20:25:14'),
(24, 1, '2025-09-18 20:25:14'),
(25, 1, '2025-09-18 20:25:15'),
(26, 1, '2025-09-18 20:25:18'),
(27, 1, '2025-09-18 20:25:19'),
(28, 1, '2025-09-18 20:25:20'),
(29, 1, '2025-09-18 20:25:21'),
(30, 1, '2025-09-18 20:25:22'),
(31, 1, '2025-09-18 20:25:22'),
(32, 1, '2025-09-18 20:25:23'),
(33, 1, '2025-09-18 20:25:24'),
(34, 1, '2025-09-18 20:25:24'),
(35, 1, '2025-09-18 20:25:25'),
(36, 1, '2025-09-18 20:25:26'),
(37, 1, '2025-09-18 20:25:27'),
(38, 1, '2025-09-18 20:25:27'),
(39, 1, '2025-09-18 20:25:28'),
(40, 1, '2025-09-18 20:25:29'),
(41, 1, '2025-09-18 20:25:30'),
(42, 1, '2025-09-18 20:25:31'),
(43, 1, '2025-09-18 20:25:32'),
(44, 1, '2025-09-18 20:25:32'),
(45, 1, '2025-09-18 20:25:37'),
(46, 1, '2025-09-18 20:25:38'),
(47, 1, '2025-09-18 20:25:38'),
(48, 1, '2025-09-18 20:25:39'),
(49, 2, '2025-09-18 20:26:10'),
(50, 2, '2025-09-18 20:31:24'),
(51, 1, '2025-09-19 12:08:25'),
(52, 1, '2025-09-19 12:08:27'),
(53, 1, '2025-09-19 12:08:28'),
(54, 1, '2025-09-19 12:08:29'),
(55, 1, '2025-09-19 12:08:30'),
(56, 1, '2025-09-19 12:10:45'),
(57, 1, '2025-09-19 12:10:47'),
(58, 1, '2025-09-19 15:11:10'),
(59, 1, '2025-09-19 15:11:11'),
(60, 1, '2025-09-19 15:11:12'),
(61, 1, '2025-09-19 15:11:14'),
(62, 1, '2025-09-19 15:12:40'),
(63, 1, '2025-09-19 15:16:02'),
(64, 1, '2025-09-19 15:16:04'),
(65, 1, '2025-09-19 15:16:04'),
(66, 1, '2025-09-19 15:16:05'),
(67, 2, '2025-09-19 15:16:16'),
(68, 2, '2025-09-19 15:16:16'),
(69, 1, '2025-09-19 18:30:01'),
(70, 1, '2025-09-19 18:30:02'),
(71, 1, '2025-09-19 18:30:03'),
(72, 1, '2025-09-19 18:30:04'),
(73, 1, '2025-09-19 18:30:05'),
(74, 1, '2025-09-19 18:30:06'),
(75, 1, '2025-09-19 18:30:06'),
(76, 1, '2025-09-19 18:36:08'),
(77, 1, '2025-09-19 18:36:29'),
(78, 1, '2025-09-19 18:36:29'),
(79, 1, '2025-09-19 18:36:30'),
(80, 1, '2025-09-19 18:36:31'),
(81, 1, '2025-09-19 18:36:31'),
(82, 1, '2025-09-19 18:36:32'),
(83, 1, '2025-09-19 18:36:33'),
(84, 1, '2025-09-19 18:37:26'),
(85, 1, '2025-09-19 18:37:27'),
(86, 1, '2025-09-19 18:37:28'),
(87, 1, '2025-09-19 18:37:28'),
(88, 1, '2025-09-19 18:37:29'),
(89, 1, '2025-09-19 18:37:29'),
(90, 1, '2025-09-19 18:37:30'),
(91, 1, '2025-09-19 18:38:47'),
(92, 1, '2025-09-19 18:38:48'),
(93, 1, '2025-09-19 18:38:49'),
(94, 1, '2025-09-19 18:38:50'),
(95, 1, '2025-09-19 18:38:51'),
(96, 1, '2025-09-19 18:38:51'),
(97, 1, '2025-09-19 18:38:52'),
(98, 1, '2025-09-19 18:38:53'),
(99, 1, '2025-09-19 18:38:54'),
(100, 1, '2025-09-19 18:38:55'),
(101, 1, '2025-09-19 18:38:56'),
(102, 1, '2025-09-19 18:38:56'),
(103, 1, '2025-09-19 18:38:57'),
(104, 1, '2025-09-19 18:39:08'),
(105, 1, '2025-09-19 18:39:09'),
(106, 1, '2025-09-19 18:39:09'),
(107, 1, '2025-09-19 18:39:10'),
(108, 1, '2025-09-19 18:39:11'),
(109, 1, '2025-09-19 18:39:11'),
(110, 1, '2025-09-19 18:39:12'),
(111, 1, '2025-09-19 18:39:13'),
(112, 1, '2025-09-19 18:39:14'),
(113, 1, '2025-09-19 18:39:15'),
(114, 1, '2025-09-19 18:39:16'),
(115, 1, '2025-09-19 18:39:16'),
(116, 1, '2025-09-19 18:39:17'),
(117, 1, '2025-09-19 18:39:22'),
(118, 1, '2025-09-22 14:45:28'),
(119, 1, '2025-09-22 14:45:28'),
(120, 1, '2025-09-22 14:45:29'),
(121, 1, '2025-09-22 14:45:30'),
(122, 1, '2025-09-22 14:45:30'),
(123, 1, '2025-09-22 14:45:31'),
(124, 1, '2025-09-22 14:45:32'),
(125, 1, '2025-09-22 14:45:33'),
(126, 1, '2025-09-22 14:45:34'),
(127, 1, '2025-09-22 14:45:35'),
(128, 1, '2025-09-22 14:45:35'),
(129, 1, '2025-09-22 14:45:36'),
(130, 1, '2025-09-22 14:45:37'),
(131, 1, '2025-09-22 14:45:41'),
(132, 1, '2025-09-22 14:45:41'),
(133, 1, '2025-09-22 14:45:42'),
(134, 1, '2025-09-22 14:45:43'),
(135, 1, '2025-09-22 14:45:43'),
(136, 1, '2025-09-22 14:45:44'),
(137, 1, '2025-09-22 14:45:45'),
(138, 1, '2025-09-22 14:45:46'),
(139, 1, '2025-09-22 14:45:47'),
(140, 1, '2025-09-22 14:45:48'),
(141, 1, '2025-09-22 14:45:49'),
(142, 1, '2025-09-22 14:45:49'),
(143, 1, '2025-09-22 14:45:51'),
(144, 1, '2025-09-22 14:45:52'),
(145, 1, '2025-09-22 14:45:55'),
(146, 1, '2025-09-22 14:45:56');

-- --------------------------------------------------------

--
-- Table structure for table `ram_counts`
--

CREATE TABLE `ram_counts` (
  `id` int NOT NULL,
  `user_id` int NOT NULL,
  `count` int DEFAULT '0',
  `count_date` date NOT NULL DEFAULT (curdate()),
  `created_at` timestamp NULL DEFAULT CURRENT_TIMESTAMP
) ENGINE=InnoDB DEFAULT CHARSET=utf8mb4 COLLATE=utf8mb4_0900_ai_ci;

--
-- Dumping data for table `ram_counts`
--

INSERT INTO `ram_counts` (`id`, `user_id`, `count`, `count_date`, `created_at`) VALUES
(1, 1, 0, '2025-09-17', '2025-09-17 14:54:56'),
(2, 1, 33, '2025-09-18', '2025-09-18 14:54:47'),
(3, 2, 2, '2025-09-18', '2025-09-18 14:56:11'),
(4, 1, 42, '2025-09-19', '2025-09-19 06:38:25'),
(5, 2, 2, '2025-09-19', '2025-09-19 09:46:16'),
(6, 1, 29, '2025-09-22', '2025-09-22 09:15:28');

-- --------------------------------------------------------

--
-- Table structure for table `users`
--

CREATE TABLE `users` (
  `id` int NOT NULL,
  `username` varchar(100) NOT NULL,
  `password` varchar(255) NOT NULL,
  `created_at` timestamp NULL DEFAULT CURRENT_TIMESTAMP
) ENGINE=InnoDB DEFAULT CHARSET=utf8mb4 COLLATE=utf8mb4_0900_ai_ci;

--
-- Dumping data for table `users`
--

INSERT INTO `users` (`id`, `username`, `password`, `created_at`) VALUES
(1, 'sandeep', '$2y$10$9Q9nG7BhEvD.N1W7vfF9le08bf1xKrWLzM3BrWo2ivwba6XGcuDTe', '2025-09-10 08:42:09'),
(2, 'ram', '$2y$10$VFXta3H9yM5fJ5Xqrnubv.0ImhCX7LV4ZChjscX4eeBNfaZ26v1li', '2025-09-10 11:08:34');

--
-- Indexes for dumped tables
--

--
-- Indexes for table `ram_activity_log`
--
ALTER TABLE `ram_activity_log`
  ADD PRIMARY KEY (`id`),
  ADD KEY `user_id` (`user_id`),
  ADD KEY `created_at` (`created_at`);

--
-- Indexes for table `ram_counts`
--
ALTER TABLE `ram_counts`
  ADD PRIMARY KEY (`id`),
  ADD UNIQUE KEY `user_date_unique` (`user_id`,`count_date`);

--
-- Indexes for table `users`
--
ALTER TABLE `users`
  ADD PRIMARY KEY (`id`),
  ADD UNIQUE KEY `username` (`username`);

--
-- AUTO_INCREMENT for dumped tables
--

--
-- AUTO_INCREMENT for table `ram_activity_log`
--
ALTER TABLE `ram_activity_log`
  MODIFY `id` int UNSIGNED NOT NULL AUTO_INCREMENT, AUTO_INCREMENT=147;

--
-- AUTO_INCREMENT for table `ram_counts`
--
ALTER TABLE `ram_counts`
  MODIFY `id` int NOT NULL AUTO_INCREMENT, AUTO_INCREMENT=7;

--
-- AUTO_INCREMENT for table `users`
--
ALTER TABLE `users`
  MODIFY `id` int NOT NULL AUTO_INCREMENT, AUTO_INCREMENT=3;

--
-- Constraints for dumped tables
--

--
-- Constraints for table `ram_counts`
--
ALTER TABLE `ram_counts`
  ADD CONSTRAINT `ram_counts_ibfk_1` FOREIGN KEY (`user_id`) REFERENCES `users` (`id`);
COMMIT;

/*!40101 SET CHARACTER_SET_CLIENT=@OLD_CHARACTER_SET_CLIENT */;
/*!40101 SET CHARACTER_SET_RESULTS=@OLD_CHARACTER_SET_RESULTS */;
/*!40101 SET COLLATION_CONNECTION=@OLD_COLLATION_CONNECTION */;
